"","Species","Jan","JanSD","Feb","FebSD","Mar","MarSD","Apr","AprSD","May","MaySD","Jun","JunSD","Jul","JulSD","Aug","AugSD","Sep","SepSD","Oct","OctSD","Nov","NovSD","Dec","DecSD"
"1","Black_legged_Kittiwake",0.97000001,0.67000001,1.04000001,0.75000001,1.15000001,0.78000001,0.48000001,0.36000001,0.56000001,0.58000001,0.63000001,0.45000001,0.68000001,0.47000001,0.64000001,0.47000001,0.53000001,0.39000001,1.20000001,0.78000001,1.02000001,0.61000001,0.99000001,0.70000001
