Option1_Avoidance98,Option2_Avoidance98,Option3_Avoidance98
11.06852445,9.059938188,3.059607054
11.37342163,9.309506198,3.143887987
14.74668437,12.0706287,4.076339148
6.14411529,5.029153163,1.69838162
7.65529063,6.26609809,2.116106922
8.712192292,7.13120561,2.408260027
9.272174558,7.589568849,2.563052628
8.407028755,6.88141958,2.323905467
6.615609982,5.415086517,1.828714122
14.87924859,12.17913672,4.112983096
11.60003509,9.494996499,3.206529411
11.10483097,9.089656229,3.069643052
