JanOp,FebOp,MarOp,AprOp,MayOp,JunOp,JulOp,AugOp,SepOp,OctOp,NovOp,DecOp
89.55615493,89.69060757,87.9628992,86.43808404,85.75978809,90.00842758,82.33152213,83.92228776,86.10910041,92.79438487,92.82068609,88.59289406
